word,level
according to,600
likely,600
offer,600
equipment,600
provide,600
local,600
purchase,600
opening,600
construction,600
tour,600
research,600
attend,600
delivery,600
recently,600
indicate,600
employee,600
additional,600
survey,600
review,600
production,600
located,600
detail,600
firm,600
annual,600
application,600
client,600
payment,600
contract,600
financial,600
budget,600
management,600
performance,600
award,600
candidate,600
pleased,600
clothing,600
state,600
confirm,600
display,600
exhibit,600
session,600
instruction,600
based,600
note,600
membership,600
facility,600
process,600
agency,600
advance,600
committee,600
industry,600
upcoming,600
successful,600
fee,600
latest,600
excellent,600
accept,600
submit,600
transportation,600
introduce,600
previous,600
enclose,600
executive,600
proposal,600
policy,600
register,600
hire,600
opportunity,600
arrange,600
approve,600
deadline,600
bill,600
conduct,600
corporate,600
warranty,600
resident,600
allow,600
necessary,600
create,600
mention,600
reserve,600
inform,600
appreciate,600
replacement,600
update,600
paid,600
unfortunately,600
branch,600
original,600
rent,600
editor,600
organization,600
memo,600
exhibition,600
release,600
luggage,600
leading,600
limited,600
procedure,600
author,600
participate,600
experienced,600
benefit,600
cause,600
personnel,600
focus,600
degree,600
directly,600
impress,600
supplier,600
host,600
mainly,600
document,600
expert,600
suggestion,600
remind,600
required,600
description,600
inquire,600
representative,600
property,600
merchandise,600
packaging,600
extension,600
highly,600
result,600
individual,600
headquarters,600
assistance,600
laboratory,600
ship,600
encourage,600
consider,600
commercial,600
device,600
mail,600
region,600
prefer,600
donation,600
journal,600
response,600
quarter,600
distribute,600
potential,600
warehouse,600
immediately,600
reschedule,600
refund,600
council,600
renew,600
advise,600
broadcast,600
responsible,600
invitation,600
efficient,600
avoid,600
reduce,600
manufacturer,600
effective,600
vehicle,600
comfortable,600
correct,600
entire,600
apologize,600
downtown,600
range,600
frequent,600
method,600
setting,600
promotion,600
regarding,600
admission,600
status,600
temporary,600
fit,600
fuel,600
traditional,600
reference,600
nearly,600
cafeteria,600
overseas,600
develop,600
determine,600
satisfied,600
expense,600
appear,600
reasonable,600
unable,600
delay,600
legal,600
regulation,600
recommendation,600
seek,600
expand,600
direct,600
entry,600
launch,600
profit,600
claim,600
crew,600
raise,600
insurance,600
demand,600
attach,600
departure,600
figure,600
attract,600
mayor,600
balance,600
former,600
establish,600
estimate,600
modern,600
option,600
district,600
tip,600
retire,600
search,600
historical,600
related,600
specific,600
eventual,700
helpful,600
simply,600
agricultural,600
complaint,600
unique,600
concerning,600
arrival,600
maintain,600
reputation,600
familiar,600
landscaping,600
ability,600
ideal,600
organize,600
significant,600
background,600
alternative,600
occasion,600
guided,600
confident,600
standard,600
advanced,600
decade,600
initial,600
concern,600
various,600
separate,600
environment,600
automobile,600
brief,600
celebration,600
operate,600
full-time,600
overall,600
complex,600
honor,600
achieve,600
delighted,600
properly,600
basis,600
obtain,600
suitable,600
electronic,600
preparation,600
willing,600
finalize,600
duty,600
worth,600
generous,600
earn,600
fund,600
overnight,600
hesitate,600
scholarship,600
particularly,600
involved,600
shortly,600
aspect,600
regularly,600
deposit,600
considerable,680
proof,600
represent,600
contain,600
affect,600
transfer,600
content,600
recognize,600
anniversary,600
automatically,600
grant,600
economic,600
capacity,600
publish,600
extremely,600
destination,600
accompany,600
institution,600
accurate,600
aware,600
valuable,600
compete,600
crowded,600
explore,600
emphasize,600
praise,600
found,600
function,600
assure,600
permit,600
impact,600
cooperation,600
solve,600
amazing,600
popularity,600
vote,600
crop,600
regret,600
factor,600
neighborhood,600
slightly,600
favorable,600
permanent,600
complicated,600
guarantee,600
mechanical,600
resource,600
native,600
priority,600
shuttle,600
afford,600
relatively,600
divide,600
income,600
occur,600
locate,600
prove,600
saving,600
postpone,600
exact,600
findings,600
preserve,600
gain,600
labor,600
deserve,600
promising,600
regard,600
identify,600
stress,600
closely,600
loyal,600
analyze,600
commission,600
component,600
existing,600
committed,600
enable,600
flyer,600
comparison,600
enjoyable,600
proceed,600
prevent,600
alike,600
appoint,600
connection,600
fairly,600
calculate,600
occasionally,600
eager,600
absolutely,600
contrast,600
practical,600
ease,600
improve,600
atmosphere,600
monitor,600
serious,600
strength,600
equally,600
import,600
informal,600
row,450
efficiency,650
actual,720
lead,620
integration,720
alongside,580
restructuring,850
interface,730
self,300
workforce,600
adaptation,780
specialized,790
system,550
critical,820
sense,420
space,650
support,300
proactively,750
ensure,550
associate,620
share,350
perhaps,400
discipline,700
fundamental,550
techniques,620
procurement,820
key,500
legacy,780
specialists,650
struggling,700
resources,450
developing,550
become,300
bottleneck,850
chain,400
encountered,750
demographic,780
estate,650
trust,580
widespread,580
unconstrained,670
remain,420
prioritize,720
framework,810
address,520
lifelong,650
effectiveness,720
strategic,780
engage,550
continuous,630
relevant,780
supervision,630
consequently,780
timeline,650
unforeseen,820
policymakers,810
minimize,750
conscious,670
wider,480
deliberate,610
training,580
cross,680
effort,380
location,350
sector,650
access,420
demanding,750
undeniable,810
cultivating,780
assessing,780
architects,700
promised,630
compelled,730
worldwide,680
driven,650
recycled,580
economical,550
database,550
eventually,600
projection,750
communication,680
success,600
meeting,520
segmentation,880
initiative,720
rethinking,780
shift,680
decision,650
possess,650
environmental,580
favoring,690
sustainable,750
decommissioning,900
embrace,710
viable,730
scientists,680
burgeoning,790
lifecycle,650
engineering,580
planning,450
comprehensive,750
initiating,690
task,380
software,580
series,450
focusing,610
anticipated,780
slowdown,720
report,400
available,350
specializing,720
manual,480
establishing,700
fulfillment,820
understanding,550
updated,520
difficulty,650
dedicate,770
message,400
answer,300
workshop,580
leveraging,840
functionality,720
query,750
within,450
business,380
technical,650
logistics,780
readily,690
aiming,710
increased,520
strategies,700
resolving,800
inventory,610
project,650
vulnerability,780
sustainability,820
meet,350
currently,480
ongoing,680
shipping,520
yield,700
challenge,680
analytics,820
demonstrable,850
expensive,450
quality,520
control,500
restructure,820
suggest,400
evidence,720
stringent,780
operation,580
emission,750
indicator,610
distribution,680
diversification,790
reduction,650
implement,690
storage,580
centralization,820
obstacle,750
initiate,710
remains,520
risk,550
warehousing,680
partner,450
streamline,620
adaptive,710
pressure,550
place,350
increasingly,580
reliance,750
trajectory,880
operational,780
gather,550
fluctuation,880
rapidly,720
decrease,580
leverage,810
schedule,520
anticipate,750
excellence,880
capability,790
forecasting,830
correspond,700
analytical,850
equitable,800
approach,600
routing,650
amongst,810
proponent,790
predominantly,800
debate,750
collective,720
style,380
alienation,880
platforms,620
navigate,700
propose,680
targeted,710
attention,650
frontier,780
practice,500
return,450
webinar,700
breach,820
enhance,750
encryption,880
continue,480
sustain,820
channel,750
file,600
contribute,720
authentication,880
along,480
outweigh,850
advantage,600
managers,680
investment,650
styles,520
challenges,750
talent,650
minimizing,790
culture,700
expectations,720
seamless,800
isolation,850
necessitating,900
interaction,780
associated,650
accessible,580
maintaining,600
globally,750
cohesive,820
spaces,300
recent,450
emphasis,720
organizations,620
inaccurate,580
cybersecurity,880
geographical,750
towards,590
pool,520
feedback,650
networks,690
reduced,610
skills,580
vulnerabilities,720
digital,550
innovative,780
improvement,620
opportunities,680
issues,550
elimination,850
managing,610
distributed,680
engagement,800
potentially,780
including,390
facilitate,710
office,350
evolving,820
transparent,680
migration,620
synergy,750
consolidation,760
organizational,740
pitfall,710
rank,580
assert,650
turnover,700
undertake,690
departmental,750
expertise,880
unprecedented,820
physical,450
ensuring,680
initiatives,750
department,580
timeframe,630
practices,580
dilution,780
morale,820
concise,680
messaging,620
tailored,680
implementing,750
systems,680
grappling,850
policies,550
underscore,720
aim,550
refine,780
satisfaction,480
edge,650
insight,800
obsolescence,850
algorithm,920
predictive,880
automate,750
dynamic,680
supportive,480
blurring,790
evaluate,650
promote,540
renewed,610
momentum,750
feelings,380
engaging,650
difficulties,720
necessitate,850
record,650
productive,720
proactive,780
businesses,450
programs,520
predict,680
effectively,650
mistrust,810
transform,880
patterns,700
utilize,790
responsibly,780
failure,620
invest,580
governance,680
overhead,820
require,650
sophisticated,820
thereby,820
evaluation,750
long,300
substantial,650
instrumental,780
mitigating,850
familiarize,680
hand,450
maximize,700
completion,580
security,500
concerns,710
reporting,650
progress,600
intervention,850
intended,650
dissatisfaction,850
attrition,920
insights,890
unauthorized,820
competitive,780
development,600
personalize,720
gaps,650
analyzing,780
functions,580
payroll,820
privacy,750
ethically,880
element,550
transparently,910
enabling,720
scores,580
departments,610
relationships,750
employees,550
building,650
technology,580
positive,450
skill,450
strategy,680
accessing,610
harness,810
design,520
accounting,600
transition,750
paramount,820
remote,580
productivity,720
manager,420
cultivate,820
social,520
adoption,770
track,750
mental,700
accountability,820
present,450
regular,380
consistent,650
anxiety,780
protocol,800
collaboration,680
customize,720
several,380
damage,610
reported,550
excess,650
landscape,610
feeling,350
resulted,650
base,400
crucial,780
adjustment,680
division,630
discrepancy,820
adapt,600
cultivation,780
event,400
incorporating,680
commitment,750
noticeable,680
fiscal,720
severe,700
power,650
processing,680
virtual,580
robust,750
evolve,700
enterprise,780
custom,550
revise,650
negatively,790
customer,500
issue,600
situation,450
mitigate,780
accuracy,620
providing,480
across,650
platform,720
autonomy,810
metric,780
collaborative,750
activity,450
contribution,700
geographically,850
clear,350
community,550
company,300
navigating,700
module,580
mentorship,820
technologies,600
proficiency,780
reality,680
improving,550
duplicate,650
transparency,780
generation,590
streamlining,780
compliance,750
mark,400
primarily,720
compatibility,750
relationship,680
miss,350
program,620
execute,680
monitoring,780
sourcing,720
analysis,680
ecological,750
infrastructure,820
foster,680
confidential,780
due,580
resulting,780
vendor,700
incorporate,790
environmentally,850
optimize,780
core,450
internal,680
presented,520
assurance,620
eastern,300
cloud,550
hub,650
disruption,820
boundary,680
grapple,720
healthy,450
absence,580
campaign,580
savvy,720
trends,650
express,520
marketplace,700
spark,630
argue,590
through,400
finally,480
face,520
flexibility,750
beyond,650
well,350
burnout,780
thorough,750
commute,630
thrive,690
real,380
protect,450
equip,580
information,300
demonstrably,900
sometimes,300
telecommuting,890
actively,510
wellbeing,810
increase,650
hinder,780
laud,820
governments,650
leadership,780
cohesion,850
hinge,680
workday,450
workflow,810
term,650
reports,680
implementation,810
vendors,650
requiring,680
supply,520
line,300